module_group,permission,admin,observer,manager,principal,staff,accountant,librarian,exam-incharge,transport-incharge,inventory-incharge,mess-incharge,hostel-incharge,attendance-assistant,receptionist,student,guardian,user
general,login:action,1,1,1,1,1,1,1,1,1,1,1,1,1,1,1,1,0
general,profile:update,1,0,0,0,0,0,0,0,0,0,0,0,0,0,0,0,0
general,password:update,1,1,1,1,1,1,1,1,1,1,1,1,0,1,1,1,0
general,chat:access,1,1,0,0,0,0,0,0,0,0,0,0,0,0,0,0,0
general,post:config,1,0,1,0,0,0,0,0,0,0,0,0,0,0,0,0,0
general,post:read,1,1,1,1,1,1,1,1,1,1,1,1,0,1,1,1,0
general,post:create,1,0,1,1,0,0,0,0,0,0,0,0,0,0,0,0,0
general,post:edit,1,0,0,0,0,0,0,0,0,0,0,0,0,0,0,0,0
general,post:delete,1,0,1,0,0,0,0,0,0,0,0,0,0,0,0,0,0
general,post:comment,1,0,1,1,1,1,1,1,1,1,1,1,0,1,1,1,0
general,access:reports,1,1,1,0,0,0,0,0,0,0,0,0,0,0,0,0,0
team,organization:manage,1,0,0,0,0,0,0,0,0,0,0,0,0,0,0,0,0
team,team:manage,1,0,0,0,0,0,0,0,0,0,0,0,0,0,0,0,0
config,config:store,1,0,0,0,0,0,0,0,0,0,0,0,0,0,0,0,0
config,locale:read,1,0,0,0,0,0,0,0,0,0,0,0,0,0,0,0,0
config,locale:create,1,0,0,0,0,0,0,0,0,0,0,0,0,0,0,0,0
config,locale:edit,1,0,0,0,0,0,0,0,0,0,0,0,0,0,0,0,0
config,locale:delete,1,0,0,0,0,0,0,0,0,0,0,0,0,0,0,0,0
config,backup:manage,1,0,0,0,0,0,0,0,0,0,0,0,0,0,0,0,0
config,activity-log:manage,1,0,0,0,0,0,0,0,0,0,0,0,0,0,0,0,0
config,activity-log:export,1,0,0,0,0,0,0,0,0,0,0,0,0,0,0,0,0
custom_field,custom-field:manage,1,0,0,0,0,0,0,0,0,0,0,0,0,0,0,0,0
dashboard,dashboard:stat,1,1,1,1,0,1,0,0,0,0,0,0,0,0,0,0,0
contact,contact:config,1,0,1,0,0,0,0,0,0,0,0,0,0,0,0,0,0
contact,contact:read,1,1,1,1,0,0,0,0,0,0,0,0,0,1,0,0,0
contact,contact:create,1,0,1,1,0,0,0,0,0,0,0,0,0,1,0,0,0
contact,contact:edit,1,0,1,1,0,0,0,0,0,0,0,0,0,1,0,0,0
contact,contact:delete,1,0,1,1,0,0,0,0,0,0,0,0,0,0,0,0,0
contact,contact:export,1,0,1,1,0,0,0,0,0,0,0,0,0,1,0,0,0
student,student:config,1,0,1,0,0,0,0,0,0,0,0,0,0,0,0,0,0
student,student:report,1,1,1,0,0,0,0,0,0,0,0,0,0,0,0,0,0
student,student:summary,1,0,0,0,0,0,1,1,1,1,1,1,0,1,0,0,0
student,student:read,1,1,1,1,1,1,1,1,1,1,0,0,0,1,1,1,0
student,student:admin-access,1,0,1,1,0,0,0,0,0,0,0,0,0,0,0,0,0
student,student:self-access,1,0,0,0,0,0,0,0,0,0,0,0,0,0,1,1,0
student,student:incharge-access,1,0,0,0,1,0,0,0,0,0,0,0,0,0,0,0,0
student,student:create,1,0,1,1,0,0,0,0,0,0,0,0,0,1,0,0,0
student,student:edit,1,0,1,1,0,0,0,0,0,0,0,0,0,0,0,0,0
student,student:delete,1,0,1,1,0,0,0,0,0,0,0,0,0,0,0,0,0
student,student:export,1,0,1,1,0,0,0,0,0,0,0,0,0,0,0,0,0
student,student:dialogue,1,0,1,1,1,0,0,0,0,0,0,0,0,0,1,1,0
student,student-record:manage,1,0,1,1,1,0,0,0,0,0,0,0,0,0,0,0,0
student,student-record:cancel,1,0,0,0,0,0,0,0,0,0,0,0,0,0,0,0,0
student,registration:read,1,1,1,1,0,0,0,0,0,0,0,0,0,1,0,0,0
student,registration:create,1,0,1,1,0,0,0,0,0,0,0,0,0,1,0,0,0
student,registration:edit,1,0,1,1,0,0,0,0,0,0,0,0,0,1,0,0,0
student,registration:delete,1,0,1,1,0,0,0,0,0,0,0,0,0,0,0,0,0
student,registration:fee,1,0,1,1,0,1,0,0,0,0,0,0,0,0,0,0,0
student,registration:verify,1,0,1,1,0,0,0,0,0,0,0,0,0,0,0,0,0
student,registration:action,1,0,1,1,0,0,0,0,0,0,0,0,0,1,0,0,0
student,registration:export,1,0,1,1,0,0,0,0,0,0,0,0,0,0,0,0,0
student,fee:set,1,0,1,1,0,1,0,0,0,0,0,0,0,0,0,0,0
student,fee:reset,1,0,1,1,0,1,0,0,0,0,0,0,0,0,0,0,0
student,fee:edit,1,0,1,1,0,1,0,0,0,0,0,0,0,0,0,0,0
student,fee:payment,1,0,1,1,0,1,0,0,0,0,0,0,0,1,1,1,0
student,fee:flexible-installment-payment,1,0,1,1,0,0,0,0,0,0,0,0,0,0,0,0,0
student,fee:multiple-installment-payment,1,0,1,1,0,0,0,0,0,0,0,0,0,0,0,0,0
student,fee:head-wise-payment,1,0,1,1,0,1,0,0,0,0,0,0,0,0,0,0,0
student,fee:cancel-payment,1,0,1,1,0,1,0,0,0,0,0,0,0,1,0,0,0
student,fee:bank-transfer,1,0,0,0,0,0,0,0,0,0,0,0,0,0,0,0,0
student,fee:bank-transfer-action,1,0,1,1,0,1,0,0,0,0,0,0,0,0,0,0,0
student,fee:custom-concession,1,0,1,1,0,0,0,0,0,0,0,0,0,0,0,0,0
student,fee:manage-force-custom-fee,1,0,1,1,0,0,0,0,0,0,0,0,0,0,0,0,0
student,fee:partial-payment,1,0,1,1,0,1,0,0,0,0,0,0,0,0,0,0,0
student,fee:change-payment-date,1,0,1,1,0,1,0,0,0,0,0,0,0,0,0,0,0
student,fee:customize-late-fee,1,0,1,1,0,1,0,0,0,0,0,0,0,0,0,0,0
student,fee:edit-payment,1,0,1,1,0,1,0,0,0,0,0,0,0,0,0,0,0
student,student:promotion,1,0,1,1,0,0,0,0,0,0,0,0,0,0,0,0,0
student,student:edit-request-action,1,0,1,1,0,0,0,0,0,0,0,0,0,0,0,0,0
student,student:leave-request,1,0,1,1,1,0,0,0,0,0,0,0,0,0,1,1,0
student,student:service-request,1,0,1,1,0,0,0,0,0,0,0,0,0,0,1,1,0
student,student:service-request-action,1,0,1,1,0,0,0,0,0,0,0,0,0,0,0,0,0
student,student:service-allocation,1,0,1,1,0,0,0,0,0,0,0,0,0,0,0,0,0
student,student:transfer-request,1,0,1,1,0,0,0,0,0,0,0,0,0,0,1,1,0
student,student:transfer-request-action,1,0,1,1,0,0,0,0,0,0,0,0,0,0,0,0,0
student,student:transfer,1,0,1,1,0,0,0,0,0,0,0,0,0,0,0,0,0
student,student:list-attendance,1,0,1,1,1,0,0,0,0,0,0,0,0,0,1,1,0
student,student:mark-attendance,1,0,1,1,0,0,0,0,0,0,0,0,0,0,0,0,0
student,student:incharge-wise-mark-attendance,1,0,0,0,1,0,0,0,0,0,0,0,0,0,0,0,0
student,student:manage-timesheet,1,0,0,0,0,0,0,0,0,0,0,0,0,0,0,0,0
student,alumni:read,1,1,1,1,0,0,0,0,0,0,0,0,0,0,0,0,0
guardian,guardian:config,1,0,1,0,0,0,0,0,0,0,0,0,0,0,0,0,0
guardian,guardian:read,1,1,1,1,0,0,0,0,0,0,0,0,0,1,0,0,0
guardian,guardian:create,1,0,1,1,0,0,0,0,0,0,0,0,0,1,0,0,0
guardian,guardian:edit,1,0,1,1,0,0,0,0,0,0,0,0,0,1,0,0,0
guardian,guardian:delete,1,0,1,1,0,0,0,0,0,0,0,0,0,0,0,0,0
guardian,guardian:export,1,0,1,1,0,0,0,0,0,0,0,0,0,1,0,0,0
employee,department:read,1,1,1,1,0,0,0,0,0,0,0,0,0,0,0,0,0
employee,department:create,1,0,1,0,0,0,0,0,0,0,0,0,0,0,0,0,0
employee,department:edit,1,0,1,0,0,0,0,0,0,0,0,0,0,0,0,0,0
employee,department:delete,1,0,1,0,0,0,0,0,0,0,0,0,0,0,0,0,0
employee,department:export,1,0,1,0,0,0,0,0,0,0,0,0,0,0,0,0,0
employee,designation:read,1,1,1,1,0,0,0,0,0,0,0,0,0,0,0,0,0
employee,designation:create,1,0,1,0,0,0,0,0,0,0,0,0,0,0,0,0,0
employee,designation:edit,1,0,1,0,0,0,0,0,0,0,0,0,0,0,0,0,0
employee,designation:delete,1,0,1,0,0,0,0,0,0,0,0,0,0,0,0,0,0
employee,designation:export,1,0,1,0,0,0,0,0,0,0,0,0,0,0,0,0,0
employee,designation:admin-access,1,0,0,0,0,0,0,0,0,0,0,0,0,0,0,0,0
employee,designation:self-access,1,0,0,0,0,0,0,0,0,0,0,0,0,0,0,0,0
employee,designation:subordinate-access,1,0,1,1,1,0,0,0,0,0,0,0,0,0,0,0,0
employee,employee:config,1,0,1,0,0,0,0,0,0,0,0,0,0,0,0,0,0
employee,employee:summary,1,0,0,0,0,0,1,1,1,1,1,1,0,1,0,0,0
employee,employee:read,1,1,1,1,1,1,1,1,1,1,0,0,0,1,0,0,0
employee,employee:create,1,0,1,0,0,0,0,0,0,0,0,0,0,0,0,0,0
employee,employee:edit,1,0,1,0,0,0,0,0,0,0,0,0,0,0,0,0,0
employee,employee:self-service,1,0,1,1,1,0,0,0,0,0,0,0,0,0,0,0,0
employee,employee:self-service-action,1,0,1,0,0,0,0,0,0,0,0,0,0,0,0,0,0
employee,employee-record:manage,1,0,0,0,0,0,0,0,0,0,0,0,0,0,0,0,0
employee,employment-record:manage,1,0,1,0,0,0,0,0,0,0,0,0,0,0,0,0,0
employee,employee:dialogue,1,0,1,1,0,0,0,0,0,0,0,0,0,0,0,0,0
employee,employee:edit-request-action,1,0,1,1,0,0,0,0,0,0,0,0,0,0,0,0,0
employee,employee:delete,1,0,0,0,0,0,0,0,0,0,0,0,0,0,0,0,0
employee,employee:export,1,0,1,0,0,0,0,0,0,0,0,0,0,0,0,0,0
employee,leave:config,1,0,1,0,0,0,0,0,0,0,0,0,0,0,0,0,0
employee,leave-allocation:read,1,1,1,1,1,1,1,1,1,1,0,0,0,1,0,0,0
employee,leave-allocation:admin-access,1,0,1,1,0,0,0,0,0,0,0,0,0,0,0,0,0
employee,leave-allocation:create,1,0,1,1,0,0,0,0,0,0,0,0,0,0,0,0,0
employee,leave-allocation:edit,1,0,1,0,0,0,0,0,0,0,0,0,0,0,0,0,0
employee,leave-allocation:delete,1,0,0,0,0,0,0,0,0,0,0,0,0,0,0,0,0
employee,leave-allocation:export,1,0,1,0,0,0,0,0,0,0,0,0,0,0,0,0,0
employee,leave-request:read,1,1,1,1,1,1,1,1,1,1,0,0,0,1,0,0,0
employee,leave-request:admin-access,1,0,1,1,0,0,0,0,0,0,0,0,0,0,0,0,0
employee,leave-request:create,1,0,1,1,1,1,1,1,1,1,0,0,0,1,0,0,0
employee,leave-request:edit,1,0,1,0,0,0,0,0,0,0,0,0,0,0,0,0,0
employee,leave-request:action,1,0,1,1,0,0,0,0,0,0,0,0,0,0,0,0,0
employee,leave-request:delete,1,0,0,0,0,0,0,0,0,0,0,0,0,0,0,0,0
employee,leave-request:export,1,0,1,0,0,0,0,0,0,0,0,0,0,0,0,0,0
employee,attendance:config,1,0,1,0,0,0,0,0,0,0,0,0,0,0,0,0,0
employee,attendance:read,1,1,1,1,1,1,1,1,1,1,0,0,0,1,0,0,0
employee,attendance:admin-access,1,0,1,1,0,0,0,0,0,0,0,0,0,0,0,0,0
employee,attendance:mark,1,0,1,1,0,0,0,0,0,0,0,0,0,0,0,0,0
employee,attendance:export,1,0,1,0,0,0,0,0,0,0,0,0,0,0,0,0,0
employee,work-shift:read,1,1,1,1,1,1,1,1,1,1,0,0,0,1,0,0,0
employee,work-shift:create,1,0,1,1,0,0,0,0,0,0,0,0,0,0,0,0,0
employee,work-shift:edit,1,0,1,1,0,0,0,0,0,0,0,0,0,0,0,0,0
employee,work-shift:delete,1,0,1,0,0,0,0,0,0,0,0,0,0,0,0,0,0
employee,work-shift:export,1,0,1,0,0,0,0,0,0,0,0,0,0,0,0,0,0
employee,work-shift:assign,1,0,1,1,0,0,0,0,0,0,0,0,0,0,0,0,0
employee,timesheet:import,1,0,1,0,0,0,0,0,0,0,0,0,0,0,0,0,0
employee,timesheet:sync,1,0,1,0,0,0,0,0,0,0,0,0,0,0,0,0,0
employee,timesheet:read,1,1,1,1,1,1,1,1,1,1,0,0,0,1,0,0,0
employee,timesheet:create,1,0,1,0,0,0,0,0,0,0,0,0,0,0,0,0,0
employee,timesheet:edit,1,0,1,0,0,0,0,0,0,0,0,0,0,0,0,0,0
employee,timesheet:delete,1,0,1,0,0,0,0,0,0,0,0,0,0,0,0,0,0
employee,timesheet:export,1,0,1,0,0,0,0,0,0,0,0,0,0,0,0,0,0
employee,payroll:config,1,0,1,0,0,0,0,0,0,0,0,0,0,0,0,0,0
employee,salary-template:read,1,1,1,0,0,0,0,0,0,0,0,0,0,0,0,0,0
employee,salary-template:create,1,0,1,0,0,0,0,0,0,0,0,0,0,0,0,0,0
employee,salary-template:edit,1,0,1,0,0,0,0,0,0,0,0,0,0,0,0,0,0
employee,salary-template:delete,1,0,0,0,0,0,0,0,0,0,0,0,0,0,0,0,0
employee,salary-template:export,1,0,1,0,0,0,0,0,0,0,0,0,0,0,0,0,0
employee,salary-structure:read,1,1,1,0,0,0,0,0,0,0,0,0,0,0,0,0,0
employee,salary-structure:create,1,0,1,0,0,0,0,0,0,0,0,0,0,0,0,0,0
employee,salary-structure:edit,1,0,1,0,0,0,0,0,0,0,0,0,0,0,0,0,0
employee,salary-structure:delete,1,0,0,0,0,0,0,0,0,0,0,0,0,0,0,0,0
employee,salary-structure:export,1,0,1,0,0,0,0,0,0,0,0,0,0,0,0,0,0
employee,payroll:read,1,1,1,1,1,1,1,1,1,1,0,0,0,1,0,0,0
employee,payroll:admin-access,1,0,1,1,0,0,0,0,0,0,0,0,0,0,0,0,0
employee,payroll:create,1,0,1,0,0,0,0,0,0,0,0,0,0,0,0,0,0
employee,payroll:process,1,0,1,0,0,0,0,0,0,0,0,0,0,0,0,0,0
employee,payroll:edit,1,0,1,0,0,0,0,0,0,0,0,0,0,0,0,0,0
employee,payroll:delete,1,0,0,0,0,0,0,0,0,0,0,0,0,0,0,0,0
employee,payroll:export,1,0,1,0,0,0,0,0,0,0,0,0,0,0,0,0,0
academic,academic:config,1,0,0,0,0,0,0,0,0,0,0,0,0,0,0,0,0
academic,academic:admin-access,1,0,0,0,0,0,0,0,0,0,0,0,0,0,0,0,0
academic,academic:incharge-access,1,0,0,0,1,0,0,0,0,0,0,0,0,0,0,0,0
academic,session:manage,1,0,1,1,0,0,0,0,0,0,0,0,0,0,0,0,0
academic,academic-department:manage,1,0,1,1,0,0,0,0,0,0,0,0,0,0,0,0,0
academic,program:manage,1,0,1,1,0,0,0,0,0,0,0,0,0,0,0,0,0
academic,period:read,1,1,1,1,0,0,0,0,0,0,0,0,0,0,0,0,0
academic,period:create,1,0,1,1,0,0,0,0,0,0,0,0,0,0,0,0,0
academic,period:edit,1,0,1,1,0,0,0,0,0,0,0,0,0,0,0,0,0
academic,period:delete,1,0,1,0,0,0,0,0,0,0,0,0,0,0,0,0,0
academic,period:export,1,0,1,1,0,0,0,0,0,0,0,0,0,0,0,0,0
academic,period:change,1,0,1,1,1,1,1,1,1,1,0,0,0,1,0,0,0
academic,period:config,1,0,1,0,0,0,0,0,0,0,0,0,0,0,0,0,0
academic,division:read,1,1,1,1,1,1,1,1,1,1,0,0,0,1,0,0,0
academic,division:create,1,0,1,1,0,0,0,0,0,0,0,0,0,0,0,0,0
academic,division:edit,1,0,1,1,0,0,0,0,0,0,0,0,0,0,0,0,0
academic,division:delete,1,0,1,0,0,0,0,0,0,0,0,0,0,0,0,0,0
academic,division:export,1,0,1,1,0,0,0,0,0,0,0,0,0,0,0,0,0
academic,course:read,1,1,1,1,1,1,1,1,1,1,0,0,0,1,0,0,0
academic,course:create,1,0,1,1,0,0,0,0,0,0,0,0,0,0,0,0,0
academic,course:edit,1,0,1,1,0,0,0,0,0,0,0,0,0,0,0,0,0
academic,course:delete,1,0,1,0,0,0,0,0,0,0,0,0,0,0,0,0,0
academic,course:export,1,0,1,1,0,0,0,0,0,0,0,0,0,0,0,0,0
academic,batch:read,1,1,1,1,1,1,1,1,1,1,0,0,0,1,0,0,0
academic,batch:create,1,0,1,1,0,0,0,0,0,0,0,0,0,0,0,0,0
academic,batch:edit,1,0,1,1,0,0,0,0,0,0,0,0,0,0,0,0,0
academic,batch:delete,1,0,1,0,0,0,0,0,0,0,0,0,0,0,0,0,0
academic,batch:export,1,0,1,1,0,0,0,0,0,0,0,0,0,0,0,0,0
academic,subject:read,1,1,1,1,1,0,0,0,0,0,0,0,0,0,0,0,0
academic,subject:create,1,0,1,1,0,0,0,0,0,0,0,0,0,0,0,0,0
academic,subject:edit,1,0,1,1,0,0,0,0,0,0,0,0,0,0,0,0,0
academic,subject:delete,1,0,1,0,0,0,0,0,0,0,0,0,0,0,0,0,0
academic,subject:export,1,0,1,1,0,0,0,0,0,0,0,0,0,0,0,0,0
academic,book-list:manage,1,0,1,1,0,0,0,0,0,0,0,0,0,0,0,0,0
academic,division-incharge:read,1,1,1,1,0,0,0,0,0,0,0,0,0,0,0,0,0
academic,division-incharge:create,1,0,1,1,0,0,0,0,0,0,0,0,0,0,0,0,0
academic,division-incharge:edit,1,0,1,1,0,0,0,0,0,0,0,0,0,0,0,0,0
academic,division-incharge:delete,1,0,1,1,0,0,0,0,0,0,0,0,0,0,0,0,0
academic,division-incharge:export,1,0,1,1,0,0,0,0,0,0,0,0,0,0,0,0,0
academic,course-incharge:read,1,1,1,1,0,0,0,0,0,0,0,0,0,0,0,0,0
academic,course-incharge:create,1,0,1,1,0,0,0,0,0,0,0,0,0,0,0,0,0
academic,course-incharge:edit,1,0,1,1,0,0,0,0,0,0,0,0,0,0,0,0,0
academic,course-incharge:delete,1,0,1,1,0,0,0,0,0,0,0,0,0,0,0,0,0
academic,course-incharge:export,1,0,1,1,0,0,0,0,0,0,0,0,0,0,0,0,0
academic,batch-incharge:read,1,1,1,1,0,0,0,0,0,0,0,0,0,0,0,0,0
academic,batch-incharge:create,1,0,1,1,0,0,0,0,0,0,0,0,0,0,0,0,0
academic,batch-incharge:edit,1,0,1,1,0,0,0,0,0,0,0,0,0,0,0,0,0
academic,batch-incharge:delete,1,0,1,1,0,0,0,0,0,0,0,0,0,0,0,0,0
academic,batch-incharge:export,1,0,1,1,0,0,0,0,0,0,0,0,0,0,0,0,0
academic,subject-incharge:read,1,1,1,1,0,0,0,0,0,0,0,0,0,0,0,0,0
academic,subject-incharge:create,1,0,1,1,0,0,0,0,0,0,0,0,0,0,0,0,0
academic,subject-incharge:edit,1,0,1,1,0,0,0,0,0,0,0,0,0,0,0,0,0
academic,subject-incharge:delete,1,0,1,1,0,0,0,0,0,0,0,0,0,0,0,0,0
academic,subject-incharge:export,1,0,1,1,0,0,0,0,0,0,0,0,0,0,0,0,0
academic,certificate-template:read,1,1,1,1,0,0,0,0,0,0,0,0,0,0,0,0,0
academic,certificate-template:create,1,0,1,1,0,0,0,0,0,0,0,0,0,0,0,0,0
academic,certificate-template:edit,1,0,1,1,0,0,0,0,0,0,0,0,0,0,0,0,0
academic,certificate-template:delete,1,0,1,1,0,0,0,0,0,0,0,0,0,0,0,0,0
academic,certificate-template:export,1,0,1,1,0,0,0,0,0,0,0,0,0,0,0,0,0
academic,certificate:read,1,1,1,1,0,0,0,0,0,0,0,0,0,0,0,0,0
academic,certificate:create,1,0,1,1,0,0,0,0,0,0,0,0,0,0,0,0,0
academic,certificate:edit,1,0,1,1,0,0,0,0,0,0,0,0,0,0,0,0,0
academic,certificate:delete,1,0,1,1,0,0,0,0,0,0,0,0,0,0,0,0,0
academic,certificate:export,1,0,1,1,0,0,0,0,0,0,0,0,0,0,0,0,0
academic,id-card:manage,1,0,1,1,0,0,0,0,0,0,0,0,0,0,0,0,0
academic,class-timing:read,1,1,1,1,0,0,0,0,0,0,0,0,0,0,0,0,0
academic,class-timing:create,1,0,1,1,0,0,0,0,0,0,0,0,0,0,0,0,0
academic,class-timing:edit,1,0,1,1,0,0,0,0,0,0,0,0,0,0,0,0,0
academic,class-timing:delete,1,0,1,1,0,0,0,0,0,0,0,0,0,0,0,0,0
academic,class-timing:export,1,0,1,1,0,0,0,0,0,0,0,0,0,0,0,0,0
academic,timetable:read,1,1,1,1,0,0,0,0,0,0,0,0,0,0,0,0,0
academic,timetable:create,1,0,1,1,0,0,0,0,0,0,0,0,0,0,0,0,0
academic,timetable:edit,1,0,1,1,0,0,0,0,0,0,0,0,0,0,0,0,0
academic,timetable:delete,1,0,1,1,0,0,0,0,0,0,0,0,0,0,0,0,0
academic,timetable:export,1,0,1,1,0,0,0,0,0,0,0,0,0,0,0,0,0
academic,timetable:allocate,1,0,1,1,0,0,0,0,0,0,0,0,0,0,0,0,0
exam,exam:config,1,0,1,0,0,0,0,0,0,0,0,0,0,0,0,0,0
exam,exam:report,1,1,1,0,0,0,0,0,0,0,0,0,0,0,0,0,0
exam,exam-term:manage,1,0,1,1,0,0,0,0,0,0,0,0,0,0,0,0,0
exam,exam:manage,1,0,1,1,0,0,0,0,0,0,0,0,0,0,0,0,0
exam,exam-grade:manage,1,0,1,1,0,0,0,0,0,0,0,0,0,0,0,0,0
exam,exam-assessment:manage,1,0,1,1,0,0,0,0,0,0,0,0,0,0,0,0,0
exam,exam-observation:manage,1,0,1,1,0,0,0,0,0,0,0,0,0,0,0,0,0
exam,exam-competency:manage,1,0,1,1,0,0,0,0,0,0,0,0,0,0,0,0,0
exam,exam-schedule:read,1,1,1,1,1,0,0,1,0,0,0,0,0,0,1,1,0
exam,exam-schedule:create,1,0,1,1,0,0,0,1,0,0,0,0,0,0,0,0,0
exam,exam-schedule:edit,1,0,1,1,0,0,0,1,0,0,0,0,0,0,0,0,0
exam,exam-schedule:delete,1,0,1,0,0,0,0,0,0,0,0,0,0,0,0,0,0
exam,exam-schedule:export,1,0,1,1,0,0,0,1,0,0,0,0,0,0,0,0,0
exam,exam-form:manage,1,0,0,0,0,0,0,0,0,0,0,0,0,0,0,0,0
exam,exam:marks-record,1,0,1,1,0,0,0,1,0,0,0,0,0,0,0,0,0
exam,exam:subject-incharge-wise-marks-record,1,0,0,0,1,0,0,0,0,0,0,0,0,0,0,0,0
exam,exam-marksheet:process,1,0,1,1,0,0,0,1,0,0,0,0,0,0,0,0,0
exam,exam-marksheet:access,1,0,1,1,1,0,0,1,0,0,0,0,0,0,1,1,0
exam,exam-admit-card:access,1,0,1,1,0,0,0,1,0,0,0,0,0,0,0,0,0
exam,online-exam:read,1,1,1,1,1,0,0,1,0,0,0,0,0,0,1,1,0
exam,online-exam:create,1,0,1,1,1,0,0,1,0,0,0,0,0,0,0,0,0
exam,online-exam:edit,1,0,1,1,1,0,0,1,0,0,0,0,0,0,0,0,0
exam,online-exam:delete,1,0,1,1,0,0,0,1,0,0,0,0,0,0,0,0,0
exam,online-exam:export,1,0,1,1,1,0,0,1,0,0,0,0,0,0,0,0,0
finance,finance:config,1,0,1,0,0,0,0,0,0,0,0,0,0,0,0,0,0
finance,finance:report,1,1,1,0,0,0,0,0,0,0,0,0,0,0,0,0,0
finance,finance:export,1,0,1,0,0,0,0,0,0,0,0,0,0,0,0,0,0
finance,fee-group:read,1,1,1,1,0,1,0,0,0,0,0,0,0,0,0,0,0
finance,fee-group:create,1,0,1,1,0,1,0,0,0,0,0,0,0,0,0,0,0
finance,fee-group:edit,1,0,1,1,0,1,0,0,0,0,0,0,0,0,0,0,0
finance,fee-group:delete,1,0,1,1,0,0,0,0,0,0,0,0,0,0,0,0,0
finance,fee-group:export,1,0,1,1,0,1,0,0,0,0,0,0,0,0,0,0,0
finance,fee-head:read,1,1,1,1,0,1,0,0,0,0,0,0,0,0,0,0,0
finance,fee-head:create,1,0,1,1,0,1,0,0,0,0,0,0,0,0,0,0,0
finance,fee-head:edit,1,0,1,1,0,1,0,0,0,0,0,0,0,0,0,0,0
finance,fee-head:delete,1,0,1,1,0,0,0,0,0,0,0,0,0,0,0,0,0
finance,fee-head:export,1,0,1,1,0,1,0,0,0,0,0,0,0,0,0,0,0
finance,fee-component:manage,1,0,1,0,0,0,0,0,0,0,0,0,0,0,0,0,0
finance,fee-concession:read,1,1,1,1,0,1,0,0,0,0,0,0,0,0,0,0,0
finance,fee-concession:create,1,0,1,1,0,1,0,0,0,0,0,0,0,0,0,0,0
finance,fee-concession:edit,1,0,1,1,0,1,0,0,0,0,0,0,0,0,0,0,0
finance,fee-concession:delete,1,0,1,1,0,0,0,0,0,0,0,0,0,0,0,0,0
finance,fee-concession:export,1,0,1,1,0,1,0,0,0,0,0,0,0,0,0,0,0
finance,fee-structure:read,1,1,1,1,0,1,0,0,0,0,0,0,0,0,0,0,0
finance,fee-structure:create,1,0,1,1,0,1,0,0,0,0,0,0,0,0,0,0,0
finance,fee-structure:edit,1,0,1,1,0,1,0,0,0,0,0,0,0,0,0,0,0
finance,fee-structure:delete,1,0,1,1,0,0,0,0,0,0,0,0,0,0,0,0,0
finance,fee-structure:allocate,1,0,1,1,0,1,0,0,0,0,0,0,0,0,0,0,0
finance,fee-structure:export,1,0,1,1,0,1,0,0,0,0,0,0,0,0,0,0,0
finance,fee-payment:import,1,0,1,1,0,1,0,0,0,0,0,0,0,0,0,0,0
finance,ledger-type:read,1,1,1,1,0,1,0,0,0,0,0,0,0,0,0,0,0
finance,ledger-type:create,1,0,1,1,0,1,0,0,0,0,0,0,0,0,0,0,0
finance,ledger-type:edit,1,0,1,1,0,1,0,0,0,0,0,0,0,0,0,0,0
finance,ledger-type:delete,1,0,1,1,0,0,0,0,0,0,0,0,0,0,0,0,0
finance,ledger-type:export,1,0,1,1,0,1,0,0,0,0,0,0,0,0,0,0,0
finance,ledger:read,1,1,1,1,0,1,0,0,0,0,0,0,0,0,0,0,0
finance,ledger:create,1,0,1,1,0,1,0,0,0,0,0,0,0,0,0,0,0
finance,ledger:edit,1,0,1,1,0,1,0,0,0,0,0,0,0,0,0,0,0
finance,ledger:delete,1,0,1,1,0,0,0,0,0,0,0,0,0,0,0,0,0
finance,ledger:export,1,0,1,1,0,1,0,0,0,0,0,0,0,0,0,0,0
finance,transaction:read,1,1,1,1,0,1,0,0,0,0,0,0,0,0,0,0,0
finance,transaction:create,1,0,1,1,0,1,0,0,0,0,0,0,0,0,0,0,0
finance,transaction:edit,1,0,1,1,0,1,0,0,0,0,0,0,0,0,0,0,0
finance,transaction:cancel,1,0,1,1,0,1,0,0,0,0,0,0,0,0,0,0,0
finance,transaction:delete,1,0,1,0,0,0,0,0,0,0,0,0,0,0,0,0,0
finance,transaction:manage-clearance,1,0,1,1,0,1,0,0,0,0,0,0,0,0,0,0,0
finance,transaction:export,1,0,1,1,0,1,0,0,0,0,0,0,0,0,0,0,0
finance,transaction:config,1,0,1,1,0,0,0,0,0,0,0,0,0,0,0,0,0
finance,receipt:read,1,1,1,1,0,1,0,0,0,0,0,0,0,0,0,0,0
finance,receipt:create,1,0,1,1,0,1,0,0,0,0,0,0,0,0,0,0,0
finance,receipt:edit,1,0,1,1,0,1,0,0,0,0,0,0,0,0,0,0,0
finance,receipt:cancel,1,0,1,1,0,1,0,0,0,0,0,0,0,0,0,0,0
finance,receipt:delete,1,0,1,0,0,0,0,0,0,0,0,0,0,0,0,0,0
finance,receipt:export,1,0,1,1,0,1,0,0,0,0,0,0,0,0,0,0,0
finance,day-closure:manage,1,0,0,0,0,0,0,0,0,0,0,0,0,0,0,0,0
calendar,calendar:config,1,0,1,0,0,0,0,0,0,0,0,0,0,0,0,0,0
calendar,holiday:read,1,1,1,1,0,0,0,0,0,0,0,0,0,0,0,0,0
calendar,holiday:create,1,0,1,1,0,0,0,0,0,0,0,0,0,0,0,0,0
calendar,holiday:edit,1,0,1,1,0,0,0,0,0,0,0,0,0,0,0,0,0
calendar,holiday:delete,1,0,1,1,0,0,0,0,0,0,0,0,0,0,0,0,0
calendar,holiday:export,1,0,1,1,0,0,0,0,0,0,0,0,0,0,0,0,0
calendar,event:read,1,1,1,1,1,1,1,1,1,1,0,0,0,1,1,1,0
calendar,event:admin-access,1,0,1,1,0,0,0,0,0,0,0,0,0,0,0,0,0
calendar,event:create,1,0,1,1,0,0,0,0,0,0,0,0,0,0,0,0,0
calendar,event:edit,1,0,1,1,0,0,0,0,0,0,0,0,0,0,0,0,0
calendar,event:delete,1,0,1,1,0,0,0,0,0,0,0,0,0,0,0,0,0
calendar,event:export,1,0,1,1,0,0,0,0,0,0,0,0,0,0,0,0,0
calendar,celebration:read,1,1,1,1,1,0,0,0,0,0,0,0,0,0,0,0,0
calendar,celebration:export,1,0,1,1,0,0,0,0,0,0,0,0,0,0,0,0,0
reception,reception:config,1,0,1,0,0,0,0,0,0,0,0,0,0,0,0,0,0
reception,query:read,1,1,1,1,0,0,0,0,0,0,0,0,0,1,0,0,0
reception,query:action,1,0,1,1,0,0,0,0,0,0,0,0,0,1,0,0,0
reception,query:delete,1,0,1,1,0,0,0,0,0,0,0,0,0,0,0,0,0
reception,enquiry:read,1,1,1,1,0,0,0,0,0,0,0,0,0,1,0,0,0
reception,enquiry:admin-access,1,0,1,1,0,0,0,0,0,0,0,0,0,0,0,0,0
reception,enquiry:create,1,0,1,1,0,0,0,0,0,0,0,0,0,1,0,0,0
reception,enquiry:follow-up,1,0,1,1,0,0,0,0,0,0,0,0,0,1,0,0,0
reception,enquiry:action,1,0,1,1,0,0,0,0,0,0,0,0,0,0,0,0,0
reception,enquiry:edit,1,0,1,1,0,0,0,0,0,0,0,0,0,1,0,0,0
reception,enquiry:delete,1,0,1,1,0,0,0,0,0,0,0,0,0,0,0,0,0
reception,enquiry:export,1,0,1,1,0,0,0,0,0,0,0,0,0,1,0,0,0
reception,visitor-log:read,1,1,1,1,0,0,0,0,0,0,0,0,0,1,0,0,0
reception,visitor-log:create,1,0,1,1,0,0,0,0,0,0,0,0,0,1,0,0,0
reception,visitor-log:edit,1,0,1,1,0,0,0,0,0,0,0,0,0,1,0,0,0
reception,visitor-log:delete,1,0,1,1,0,0,0,0,0,0,0,0,0,0,0,0,0
reception,visitor-log:export,1,0,1,1,0,0,0,0,0,0,0,0,0,1,0,0,0
reception,gate-pass:read,1,1,1,1,0,0,0,0,0,0,0,0,0,1,0,0,0
reception,gate-pass:create,1,0,1,1,0,0,0,0,0,0,0,0,0,1,0,0,0
reception,gate-pass:edit,1,0,1,1,0,0,0,0,0,0,0,0,0,1,0,0,0
reception,gate-pass:delete,1,0,1,1,0,0,0,0,0,0,0,0,0,0,0,0,0
reception,gate-pass:export,1,0,1,1,0,0,0,0,0,0,0,0,0,1,0,0,0
reception,complaint:read,1,1,1,1,0,0,0,0,0,0,0,0,0,1,1,1,0
reception,complaint:admin-access,1,0,1,1,0,0,0,0,0,0,0,0,0,0,0,0,0
reception,complaint:create,1,0,1,1,0,0,0,0,0,0,0,0,0,1,1,1,0
reception,complaint:edit,1,0,1,1,0,0,0,0,0,0,0,0,0,1,1,1,0
reception,complaint:action,1,0,1,1,0,0,0,0,0,0,0,0,0,0,0,0,0
reception,complaint:delete,1,0,1,1,0,0,0,0,0,0,0,0,0,0,0,0,0
reception,complaint:export,1,0,1,1,0,0,0,0,0,0,0,0,0,1,0,0,0
reception,call-log:read,1,1,1,1,0,0,0,0,0,0,0,0,0,1,0,0,0
reception,call-log:create,1,0,1,1,0,0,0,0,0,0,0,0,0,1,0,0,0
reception,call-log:edit,1,0,1,1,0,0,0,0,0,0,0,0,0,1,0,0,0
reception,call-log:delete,1,0,1,1,0,0,0,0,0,0,0,0,0,0,0,0,0
reception,call-log:export,1,0,1,1,0,0,0,0,0,0,0,0,0,1,0,0,0
reception,correspondence:read,1,1,1,1,0,0,0,0,0,0,0,0,0,1,0,0,0
reception,correspondence:create,1,0,1,1,0,0,0,0,0,0,0,0,0,1,0,0,0
reception,correspondence:edit,1,0,1,1,0,0,0,0,0,0,0,0,0,1,0,0,0
reception,correspondence:delete,1,0,1,1,0,0,0,0,0,0,0,0,0,0,0,0,0
reception,correspondence:export,1,0,1,1,0,0,0,0,0,0,0,0,0,1,0,0,0
discipline,discipline:config,1,0,1,0,0,0,0,0,0,0,0,0,0,0,0,0,0
discipline,incident:manage,1,0,1,1,0,0,0,0,0,0,0,0,0,0,0,0,0
transport,transport:config,1,0,1,0,0,0,0,0,0,0,0,0,0,0,0,0,0
transport,transport:report,1,1,1,0,0,0,0,0,0,0,0,0,0,0,0,0,0
transport,transport:export,1,0,1,0,0,0,0,0,0,0,0,0,0,0,0,0,0
transport,transport-circle:read,1,1,1,1,0,0,0,0,1,0,0,0,0,0,0,0,0
transport,transport-circle:create,1,0,1,1,0,0,0,0,1,0,0,0,0,0,0,0,0
transport,transport-circle:edit,1,0,1,1,0,0,0,0,1,0,0,0,0,0,0,0,0
transport,transport-circle:delete,1,0,1,1,0,0,0,0,0,0,0,0,0,0,0,0,0
transport,transport-circle:export,1,0,1,1,0,0,0,0,1,0,0,0,0,0,0,0,0
transport,transport-fee:read,1,1,1,1,0,0,0,0,1,0,0,0,0,0,0,0,0
transport,transport-fee:create,1,0,1,1,0,0,0,0,1,0,0,0,0,0,0,0,0
transport,transport-fee:edit,1,0,1,1,0,0,0,0,1,0,0,0,0,0,0,0,0
transport,transport-fee:delete,1,0,1,1,0,0,0,0,0,0,0,0,0,0,0,0,0
transport,transport-fee:export,1,0,1,1,0,0,0,0,1,0,0,0,0,0,0,0,0
transport,transport-stoppage:manage,1,0,1,1,0,0,0,0,1,0,0,0,0,0,0,0,0
transport,transport-route:read,1,1,1,1,0,0,0,0,1,0,0,0,0,0,0,0,0
transport,transport-route:create,1,0,1,1,0,0,0,0,1,0,0,0,0,0,0,0,0
transport,transport-route:edit,1,0,1,1,0,0,0,0,1,0,0,0,0,0,0,0,0
transport,transport-route:delete,1,0,1,1,0,0,0,0,0,0,0,0,0,0,0,0,0
transport,transport-route:export,1,0,1,1,0,0,0,0,1,0,0,0,0,0,0,0,0
transport,vehicle:config,1,0,1,1,0,0,0,0,1,0,0,0,0,0,0,0,0
transport,vehicle:read,1,1,1,1,0,0,0,0,1,0,0,0,0,0,0,0,0
transport,vehicle:create,1,0,1,1,0,0,0,0,1,0,0,0,0,0,0,0,0
transport,vehicle:edit,1,0,1,1,0,0,0,0,1,0,0,0,0,0,0,0,0
transport,vehicle:delete,1,0,1,1,0,0,0,0,0,0,0,0,0,0,0,0,0
transport,vehicle:export,1,0,1,1,0,0,0,0,1,0,0,0,0,0,0,0,0
transport,vehicle-incharge:read,1,1,1,1,0,0,0,0,1,0,0,0,0,0,0,0,0
transport,vehicle-incharge:create,1,0,1,1,0,0,0,0,1,0,0,0,0,0,0,0,0
transport,vehicle-incharge:edit,1,0,1,1,0,0,0,0,1,0,0,0,0,0,0,0,0
transport,vehicle-incharge:delete,1,0,1,1,0,0,0,0,0,0,0,0,0,0,0,0,0
transport,vehicle-incharge:export,1,0,1,1,0,0,0,0,1,0,0,0,0,0,0,0,0
transport,vehicle-document:read,1,1,1,1,0,0,0,0,1,0,0,0,0,0,0,0,0
transport,vehicle-document:create,1,0,1,1,0,0,0,0,1,0,0,0,0,0,0,0,0
transport,vehicle-document:edit,1,0,1,1,0,0,0,0,1,0,0,0,0,0,0,0,0
transport,vehicle-document:delete,1,0,1,1,0,0,0,0,0,0,0,0,0,0,0,0,0
transport,vehicle-document:export,1,0,1,1,0,0,0,0,1,0,0,0,0,0,0,0,0
transport,vehicle-trip-record:read,1,1,1,1,0,0,0,0,1,0,0,0,0,0,0,0,0
transport,vehicle-trip-record:create,1,0,1,1,0,0,0,0,1,0,0,0,0,0,0,0,0
transport,vehicle-trip-record:edit,1,0,1,1,0,0,0,0,1,0,0,0,0,0,0,0,0
transport,vehicle-trip-record:delete,1,0,1,1,0,0,0,0,0,0,0,0,0,0,0,0,0
transport,vehicle-trip-record:export,1,0,1,1,0,0,0,0,1,0,0,0,0,0,0,0,0
transport,vehicle-fuel-record:read,1,1,1,1,0,0,0,0,1,0,0,0,0,0,0,0,0
transport,vehicle-fuel-record:create,1,0,1,1,0,0,0,0,1,0,0,0,0,0,0,0,0
transport,vehicle-fuel-record:edit,1,0,1,1,0,0,0,0,1,0,0,0,0,0,0,0,0
transport,vehicle-fuel-record:delete,1,0,1,1,0,0,0,0,0,0,0,0,0,0,0,0,0
transport,vehicle-fuel-record:export,1,0,1,1,0,0,0,0,1,0,0,0,0,0,0,0,0
transport,vehicle-service-record:read,1,1,1,1,0,0,0,0,1,0,0,0,0,0,0,0,0
transport,vehicle-service-record:create,1,0,1,1,0,0,0,0,1,0,0,0,0,0,0,0,0
transport,vehicle-service-record:edit,1,0,1,1,0,0,0,0,1,0,0,0,0,0,0,0,0
transport,vehicle-service-record:delete,1,0,1,1,0,0,0,0,0,0,0,0,0,0,0,0,0
transport,vehicle-service-record:export,1,0,1,1,0,0,0,0,1,0,0,0,0,0,0,0,0
transport,vehicle-case-record:read,1,1,1,1,0,0,0,0,1,0,0,0,0,0,0,0,0
transport,vehicle-case-record:create,1,0,1,1,0,0,0,0,1,0,0,0,0,0,0,0,0
transport,vehicle-case-record:edit,1,0,1,1,0,0,0,0,1,0,0,0,0,0,0,0,0
transport,vehicle-case-record:delete,1,0,1,1,0,0,0,0,0,0,0,0,0,0,0,0,0
transport,vehicle-case-record:export,1,0,1,1,0,0,0,0,1,0,0,0,0,0,0,0,0
transport,vehicle-expense-record:read,1,1,1,1,0,0,0,0,1,0,0,0,0,0,0,0,0
transport,vehicle-expense-record:create,1,0,1,1,0,0,0,0,1,0,0,0,0,0,0,0,0
transport,vehicle-expense-record:edit,1,0,1,1,0,0,0,0,1,0,0,0,0,0,0,0,0
transport,vehicle-expense-record:delete,1,0,1,1,0,0,0,0,0,0,0,0,0,0,0,0,0
transport,vehicle-expense-record:export,1,0,1,1,0,0,0,0,1,0,0,0,0,0,0,0,0
resource,resource:config,1,0,1,0,0,0,0,0,0,0,0,0,0,0,0,0,0
resource,resource:report,1,1,1,0,0,0,0,0,0,0,0,0,0,0,0,0,0
resource,book-list:read,1,0,0,0,1,0,0,0,0,0,0,0,0,0,1,1,0
resource,online-class:read,1,1,1,1,1,0,0,0,0,0,0,0,0,0,1,1,0
resource,online-class:create,1,0,1,1,1,0,0,0,0,0,0,0,0,0,0,0,0
resource,online-class:edit,1,0,1,1,1,0,0,0,0,0,0,0,0,0,0,0,0
resource,online-class:delete,1,0,1,1,0,0,0,0,0,0,0,0,0,0,0,0,0
resource,online-class:export,1,0,1,1,1,0,0,0,0,0,0,0,0,0,0,0,0
resource,assignment:read,1,1,1,1,1,0,0,0,0,0,0,0,0,0,1,1,0
resource,assignment:view-log,1,0,1,1,1,0,0,0,0,0,0,0,0,0,0,0,0
resource,assignment:create,1,0,1,1,1,0,0,0,0,0,0,0,0,0,0,0,0
resource,assignment:edit,1,0,1,1,1,0,0,0,0,0,0,0,0,0,0,0,0
resource,assignment:delete,1,0,1,1,0,0,0,0,0,0,0,0,0,0,0,0,0
resource,assignment:export,1,0,1,1,1,0,0,0,0,0,0,0,0,0,0,0,0
resource,lesson-plan:read,1,1,1,1,1,0,0,0,0,0,0,0,0,0,0,0,0
resource,lesson-plan:create,1,0,1,1,1,0,0,0,0,0,0,0,0,0,0,0,0
resource,lesson-plan:edit,1,0,1,1,1,0,0,0,0,0,0,0,0,0,0,0,0
resource,lesson-plan:delete,1,0,1,1,0,0,0,0,0,0,0,0,0,0,0,0,0
resource,lesson-plan:export,1,0,1,1,1,0,0,0,0,0,0,0,0,0,0,0,0
resource,syllabus:read,1,1,1,1,1,0,0,0,0,0,0,0,0,0,0,0,0
resource,syllabus:create,1,0,1,1,1,0,0,0,0,0,0,0,0,0,0,0,0
resource,syllabus:edit,1,0,1,1,1,0,0,0,0,0,0,0,0,0,0,0,0
resource,syllabus:delete,1,0,1,1,0,0,0,0,0,0,0,0,0,0,0,0,0
resource,syllabus:export,1,0,1,1,1,0,0,0,0,0,0,0,0,0,0,0,0
resource,learning-material:read,1,1,1,1,1,0,0,0,0,0,0,0,0,0,1,1,0
resource,learning-material:view-log,1,0,1,1,1,0,0,0,0,0,0,0,0,0,0,0,0
resource,learning-material:create,1,0,1,1,1,0,0,0,0,0,0,0,0,0,0,0,0
resource,learning-material:edit,1,0,1,1,1,0,0,0,0,0,0,0,0,0,0,0,0
resource,learning-material:delete,1,0,1,1,0,0,0,0,0,0,0,0,0,0,0,0,0
resource,learning-material:export,1,0,1,1,1,0,0,0,0,0,0,0,0,0,0,0,0
resource,student-diary:read,1,1,1,1,1,0,0,0,0,0,0,0,0,0,1,1,0
resource,student-diary:view-log,1,0,1,1,1,0,0,0,0,0,0,0,0,0,0,0,0
resource,student-diary:create,1,0,1,1,1,0,0,0,0,0,0,0,0,0,0,0,0
resource,student-diary:edit,1,0,1,1,1,0,0,0,0,0,0,0,0,0,0,0,0
resource,student-diary:delete,1,0,1,1,0,0,0,0,0,0,0,0,0,0,0,0,0
resource,student-diary:export,1,0,1,1,0,0,0,0,0,0,0,0,0,0,0,0,0
resource,download:read,1,1,1,1,1,0,0,0,0,0,0,0,0,0,0,0,0
resource,download:create,1,0,1,1,1,0,0,0,0,0,0,0,0,0,0,0,0
resource,download:edit,1,0,1,1,1,0,0,0,0,0,0,0,0,0,0,0,0
resource,download:delete,1,0,1,1,0,0,0,0,0,0,0,0,0,0,0,0,0
resource,download:export,1,0,1,1,1,0,0,0,0,0,0,0,0,0,0,0,0
communication,communication:config,1,0,1,0,0,0,0,0,0,0,0,0,0,0,0,0,0
communication,announcement:read,1,1,1,1,1,1,1,1,1,1,0,0,0,1,1,1,0
communication,announcement:view-log,1,0,1,1,1,0,0,0,0,0,0,0,0,0,0,0,0
communication,announcement:admin-access,1,0,1,1,0,0,0,0,0,0,0,0,0,0,0,0,0
communication,announcement:create,1,0,1,1,0,0,0,0,0,0,0,0,0,1,0,0,0
communication,announcement:edit,1,0,1,1,0,0,0,0,0,0,0,0,0,0,0,0,0
communication,announcement:delete,1,0,1,1,0,0,0,0,0,0,0,0,0,0,0,0,0
communication,announcement:export,1,0,1,1,0,0,0,0,0,0,0,0,0,0,0,0,0
communication,email:read,1,0,0,0,0,0,0,0,0,0,0,0,0,0,0,0,0
communication,email:send,1,0,0,0,0,0,0,0,0,0,0,0,0,0,0,0,0
communication,sms:read,1,0,0,0,0,0,0,0,0,0,0,0,0,0,0,0,0
communication,sms:send,1,0,0,0,0,0,0,0,0,0,0,0,0,0,0,0,0
communication,push-message:read,1,0,0,0,0,0,0,0,0,0,0,0,0,0,0,0,0
communication,push-message:send,1,0,0,0,0,0,0,0,0,0,0,0,0,0,0,0,0
communication,whatsapp:read,1,0,0,0,0,0,0,0,0,0,0,0,0,0,0,0,0
communication,whatsapp:send,1,0,0,0,0,0,0,0,0,0,0,0,0,0,0,0,0
library,library:config,1,0,1,0,0,0,0,0,0,0,0,0,0,0,0,0,0
library,book:read,1,1,1,1,0,0,1,0,0,0,0,0,0,0,0,0,0
library,book:create,1,0,1,1,0,0,1,0,0,0,0,0,0,0,0,0,0
library,book:edit,1,0,1,1,0,0,1,0,0,0,0,0,0,0,0,0,0
library,book:delete,1,0,1,1,0,0,0,0,0,0,0,0,0,0,0,0,0
library,book:export,1,0,1,1,0,0,1,0,0,0,0,0,0,0,0,0,0
library,book-addition:read,1,1,1,1,0,0,1,0,0,0,0,0,0,0,0,0,0
library,book-addition:create,1,0,1,1,0,0,1,0,0,0,0,0,0,0,0,0,0
library,book-addition:edit,1,0,1,1,0,0,1,0,0,0,0,0,0,0,0,0,0
library,book-addition:delete,1,0,1,1,0,0,0,0,0,0,0,0,0,0,0,0,0
library,book-addition:export,1,0,1,1,0,0,1,0,0,0,0,0,0,0,0,0,0
library,book:issue,1,0,1,1,0,0,1,0,0,0,0,0,0,0,0,0,0
library,book:return,1,0,1,1,0,0,1,0,0,0,0,0,0,0,0,0,0
library,library:report,1,1,1,1,0,0,0,0,0,0,0,0,0,0,0,0,0
mess,mess:config,1,0,1,0,0,0,0,0,0,0,0,0,0,0,0,0,0
mess,menu-item:manage,1,0,1,1,0,0,0,0,0,0,1,0,0,0,0,0,0
mess,meal:manage,1,0,1,1,0,0,0,0,0,0,1,0,0,0,0,0,0
mess,meal-log:read,1,1,1,1,0,0,0,0,0,0,1,0,0,0,0,0,0
mess,meal-log:create,1,0,1,1,0,0,0,0,0,0,1,0,0,0,0,0,0
mess,meal-log:edit,1,0,1,1,0,0,0,0,0,0,1,0,0,0,0,0,0
mess,meal-log:delete,1,0,1,1,0,0,0,0,0,0,0,0,0,0,0,0,0
mess,meal-log:export,1,0,1,1,0,0,0,0,0,0,1,0,0,0,0,0,0
inventory,inventory:config,1,0,1,0,0,0,0,0,0,0,0,0,0,0,0,0,0
inventory,inventory:report,1,1,1,1,0,0,0,0,0,1,0,0,0,0,0,0,0
inventory,inventory:admin-access,1,0,1,1,0,0,0,0,0,0,0,0,0,0,0,0,0
inventory,vendor:read,1,1,1,1,0,0,0,0,0,1,0,0,0,0,0,0,0
inventory,vendor:create,1,0,1,1,0,0,0,0,0,1,0,0,0,0,0,0,0
inventory,vendor:edit,1,0,1,1,0,0,0,0,0,1,0,0,0,0,0,0,0
inventory,vendor:delete,1,0,1,0,0,0,0,0,0,0,0,0,0,0,0,0,0
inventory,vendor:export,1,0,1,1,0,0,0,0,0,1,0,0,0,0,0,0,0
inventory,stock-category:read,1,1,1,1,0,0,0,0,0,1,0,0,0,0,0,0,0
inventory,stock-category:create,1,0,1,1,0,0,0,0,0,1,0,0,0,0,0,0,0
inventory,stock-category:edit,1,0,1,1,0,0,0,0,0,1,0,0,0,0,0,0,0
inventory,stock-category:delete,1,0,1,0,0,0,0,0,0,0,0,0,0,0,0,0,0
inventory,stock-category:export,1,0,1,1,0,0,0,0,0,1,0,0,0,0,0,0,0
inventory,stock-item:read,1,1,1,1,0,0,0,0,0,1,0,0,0,0,0,0,0
inventory,stock-item:create,1,0,1,1,0,0,0,0,0,1,0,0,0,0,0,0,0
inventory,stock-item:edit,1,0,1,1,0,0,0,0,0,1,0,0,0,0,0,0,0
inventory,stock-item:delete,1,0,1,0,0,0,0,0,0,0,0,0,0,0,0,0,0
inventory,stock-item:export,1,0,1,1,0,0,0,0,0,1,0,0,0,0,0,0,0
inventory,stock-purchase:read,1,1,1,1,0,0,0,0,0,1,0,0,0,0,0,0,0
inventory,stock-purchase:create,1,0,1,1,0,0,0,0,0,1,0,0,0,0,0,0,0
inventory,stock-purchase:edit,1,0,1,1,0,0,0,0,0,1,0,0,0,0,0,0,0
inventory,stock-purchase:delete,1,0,1,0,0,0,0,0,0,0,0,0,0,0,0,0,0
inventory,stock-purchase:export,1,0,1,1,0,0,0,0,0,1,0,0,0,0,0,0,0
inventory,stock-return:read,1,1,1,1,0,0,0,0,0,1,0,0,0,0,0,0,0
inventory,stock-return:create,1,0,1,1,0,0,0,0,0,1,0,0,0,0,0,0,0
inventory,stock-return:edit,1,0,1,1,0,0,0,0,0,1,0,0,0,0,0,0,0
inventory,stock-return:delete,1,0,1,0,0,0,0,0,0,0,0,0,0,0,0,0,0
inventory,stock-return:export,1,0,1,1,0,0,0,0,0,1,0,0,0,0,0,0,0
inventory,stock-transfer:read,1,1,1,1,0,0,0,0,0,1,0,0,0,0,0,0,0
inventory,stock-transfer:create,1,0,1,1,0,0,0,0,0,1,0,0,0,0,0,0,0
inventory,stock-transfer:edit,1,0,1,1,0,0,0,0,0,1,0,0,0,0,0,0,0
inventory,stock-transfer:delete,1,0,1,0,0,0,0,0,0,0,0,0,0,0,0,0,0
inventory,stock-transfer:export,1,0,1,1,0,0,0,0,0,1,0,0,0,0,0,0,0
inventory,stock-adjustment:read,1,1,1,1,0,0,0,0,0,1,0,0,0,0,0,0,0
inventory,stock-adjustment:create,1,0,1,1,0,0,0,0,0,1,0,0,0,0,0,0,0
inventory,stock-adjustment:edit,1,0,1,1,0,0,0,0,0,1,0,0,0,0,0,0,0
inventory,stock-adjustment:delete,1,0,1,0,0,0,0,0,0,0,0,0,0,0,0,0,0
inventory,stock-adjustment:export,1,0,1,1,0,0,0,0,0,1,0,0,0,0,0,0,0
inventory,stock-requisition:read,1,1,1,1,0,0,0,0,0,1,0,0,0,0,0,0,0
inventory,stock-requisition:create,1,0,1,1,0,0,0,0,0,1,0,0,0,0,0,0,0
inventory,stock-requisition:edit,1,0,1,1,0,0,0,0,0,1,0,0,0,0,0,0,0
inventory,stock-requisition:delete,1,0,1,0,0,0,0,0,0,0,0,0,0,0,0,0,0
inventory,stock-requisition:export,1,0,1,1,0,0,0,0,0,1,0,0,0,0,0,0,0
hostel,hostel:manage,1,0,1,0,0,0,0,0,0,0,0,1,0,0,0,0,0
hostel,hostel-incharge:read,1,1,1,1,0,0,0,0,0,0,0,1,0,0,0,0,0
hostel,hostel-incharge:create,1,0,1,1,0,0,0,0,0,0,0,0,0,0,0,0,0
hostel,hostel-incharge:edit,1,0,1,1,0,0,0,0,0,0,0,0,0,0,0,0,0
hostel,hostel-incharge:delete,1,0,1,1,0,0,0,0,0,0,0,0,0,0,0,0,0
hostel,hostel-incharge:export,1,0,1,1,0,0,0,0,0,0,0,0,0,0,0,0,0
hostel,hostel-room-allocation:read,1,1,1,1,0,0,0,0,0,0,0,1,0,0,0,0,0
hostel,hostel-room-allocation:create,1,0,1,1,0,0,0,0,0,0,0,1,0,0,0,0,0
hostel,hostel-room-allocation:edit,1,0,1,1,0,0,0,0,0,0,0,1,0,0,0,0,0
hostel,hostel-room-allocation:delete,1,0,1,1,0,0,0,0,0,0,0,0,0,0,0,0,0
hostel,hostel-room-allocation:export,1,0,1,1,0,0,0,0,0,0,0,0,0,0,0,0,0
recruitment,recruitment:config,1,0,1,0,0,0,0,0,0,0,0,0,0,0,0,0,0
recruitment,job-vacancy:read,1,1,1,1,0,0,0,0,0,0,0,0,0,0,0,0,0
recruitment,job-vacancy:create,1,0,1,1,0,0,0,0,0,0,0,0,0,0,0,0,0
recruitment,job-vacancy:edit,1,0,1,1,0,0,0,0,0,0,0,0,0,0,0,0,0
recruitment,job-vacancy:delete,1,0,1,1,0,0,0,0,0,0,0,0,0,0,0,0,0
recruitment,job-vacancy:export,1,0,1,1,0,0,0,0,0,0,0,0,0,0,0,0,0
recruitment,job-application:read,1,1,1,1,0,0,0,0,0,0,0,0,0,0,0,0,0
recruitment,job-application:create,1,0,1,1,0,0,0,0,0,0,0,0,0,0,0,0,0
recruitment,job-application:edit,1,0,1,1,0,0,0,0,0,0,0,0,0,0,0,0,0
recruitment,job-application:delete,1,0,1,1,0,0,0,0,0,0,0,0,0,0,0,0,0
recruitment,job-application:export,1,0,1,1,0,0,0,0,0,0,0,0,0,0,0,0,0
gallery,gallery:config,1,0,1,0,0,0,0,0,0,0,0,0,0,0,0,0,0
gallery,gallery:read,1,1,1,1,1,0,0,0,0,0,0,0,0,0,1,1,0
gallery,gallery:create,1,0,1,1,0,0,0,0,0,0,0,0,0,0,0,0,0
gallery,gallery:edit,1,0,1,1,0,0,0,0,0,0,0,0,0,0,0,0,0
gallery,gallery:delete,1,0,1,1,0,0,0,0,0,0,0,0,0,0,0,0,0
gallery,gallery:export,1,0,1,1,0,0,0,0,0,0,0,0,0,0,0,0,0
form,form:config,1,0,1,0,0,0,0,0,0,0,0,0,0,0,0,0,0
form,form:read,1,1,1,1,0,0,0,0,0,0,0,0,0,0,0,0,0
form,form:create,1,0,1,1,0,0,0,0,0,0,0,0,0,0,0,0,0
form,form:edit,1,0,1,1,0,0,0,0,0,0,0,0,0,0,0,0,0
form,form:delete,1,0,1,1,0,0,0,0,0,0,0,0,0,0,0,0,0
form,form:export,1,0,1,1,0,0,0,0,0,0,0,0,0,0,0,0,0
form,form:submit,1,0,1,1,1,0,0,0,0,0,0,0,0,0,1,1,0
form,form-submission:manage,1,0,1,1,0,0,0,0,0,0,0,0,0,0,0,0,0
activity,activity:config,1,0,1,0,0,0,0,0,0,0,0,0,0,0,0,0,0
activity,trip:manage,1,0,1,0,0,0,0,0,0,0,0,0,0,0,0,0,0
activity,trip-participant:manage,1,0,1,0,0,0,0,0,0,0,0,0,0,0,0,0,0
activity,trip:read,1,1,1,1,1,0,0,0,0,0,0,0,0,0,1,1,0
asset,asset:config,1,0,1,0,0,0,0,0,0,0,0,0,0,0,0,0,0
asset,building:manage,1,0,1,0,0,0,0,0,0,0,0,0,0,0,0,0,0
site,site:manage,1,0,1,0,0,0,0,0,0,0,0,0,0,0,0,0,0
blog,blog:config,1,0,0,0,0,0,0,0,0,0,0,0,0,0,0,0,0
blog,blog:read,1,0,0,0,0,0,0,0,0,0,0,0,0,0,0,0,0
blog,blog:create,1,0,0,0,0,0,0,0,0,0,0,0,0,0,0,0,0
blog,blog:edit,1,0,0,0,0,0,0,0,0,0,0,0,0,0,0,0,0
blog,blog:delete,1,0,0,0,0,0,0,0,0,0,0,0,0,0,0,0,0
blog,blog:export,1,0,0,0,0,0,0,0,0,0,0,0,0,0,0,0,0
news,news:config,1,0,0,0,0,0,0,0,0,0,0,0,0,0,0,0,0
news,news:read,1,0,0,0,0,0,0,0,0,0,0,0,0,0,0,0,0
news,news:create,1,0,0,0,0,0,0,0,0,0,0,0,0,0,0,0,0
news,news:edit,1,0,0,0,0,0,0,0,0,0,0,0,0,0,0,0,0
news,news:delete,1,0,0,0,0,0,0,0,0,0,0,0,0,0,0,0,0
news,news:export,1,0,0,0,0,0,0,0,0,0,0,0,0,0,0,0,0
approval,approval:config,1,0,0,0,0,0,0,0,0,0,0,0,0,0,0,0,0
approval,approval:report,1,1,1,1,0,0,0,0,0,0,0,0,0,0,0,0,0
approval,approval-type:manage,1,0,1,1,0,0,0,0,0,0,0,0,0,0,0,0,0
approval,approval-request:read,1,1,1,1,1,1,1,1,1,1,1,1,0,1,0,0,0
approval,approval-request:create,1,0,1,1,1,1,1,1,1,1,1,1,0,1,0,0,0
approval,approval-request:edit,1,0,1,1,1,0,0,0,0,0,0,0,0,0,0,0,0
approval,approval-request:delete,1,0,1,1,0,0,0,0,0,0,0,0,0,0,0,0,0
approval,approval-request:action,1,0,1,1,1,1,1,1,1,1,1,1,0,1,0,0,0
approval,approval-request:export,1,0,1,1,0,0,0,0,0,0,0,0,0,0,0,0,0
task,task:config,1,0,0,0,0,0,0,0,0,0,0,0,0,0,0,0,0
task,task:read,1,1,1,0,0,0,0,0,0,0,0,0,0,0,0,0,0
task,task:create,1,0,1,0,0,0,0,0,0,0,0,0,0,0,0,0,0
task,task:edit,1,0,1,0,0,0,0,0,0,0,0,0,0,0,0,0,0
task,task:delete,1,0,0,0,0,0,0,0,0,0,0,0,0,0,0,0,0
task,task:export,1,0,1,0,0,0,0,0,0,0,0,0,0,0,0,0,0
helpdesk,helpdesk:config,1,0,0,0,0,0,0,0,0,0,0,0,0,0,0,0,0
helpdesk,faq:read,1,1,1,1,1,0,0,0,0,0,0,0,0,0,0,0,0
helpdesk,faq:create,1,0,1,0,0,0,0,0,0,0,0,0,0,0,0,0,0
helpdesk,faq:edit,1,0,0,0,0,0,0,0,0,0,0,0,0,0,0,0,0
helpdesk,faq:delete,1,0,0,0,0,0,0,0,0,0,0,0,0,0,0,0,0
helpdesk,faq:export,1,0,0,0,0,0,0,0,0,0,0,0,0,0,0,0,0
helpdesk,ticket:read,1,1,1,1,1,0,0,0,0,0,0,0,0,0,0,0,0
helpdesk,ticket:action,1,0,1,1,0,0,0,0,0,0,0,0,0,0,0,0,0
helpdesk,ticket:create,1,0,1,1,1,0,0,0,0,0,0,0,0,0,0,0,0
helpdesk,ticket:edit,1,0,1,1,0,0,0,0,0,0,0,0,0,0,0,0,0
helpdesk,ticket:delete,1,0,0,0,0,0,0,0,0,0,0,0,0,0,0,0,0
helpdesk,ticket:export,1,0,0,0,0,0,0,0,0,0,0,0,0,0,0,0,0
utility,utility:config,1,0,0,0,0,0,0,0,0,0,0,0,0,0,0,0,0
utility,todo:manage,1,0,1,1,1,1,1,1,1,1,1,1,1,1,1,1,0
utility,todo:export,1,0,0,0,0,0,0,0,0,0,0,0,0,0,0,0,0
user,user:read,1,0,0,0,0,0,0,0,0,0,0,0,0,0,0,0,0
user,user:create,1,0,0,0,0,0,0,0,0,0,0,0,0,0,0,0,0
user,user:edit,1,0,0,0,0,0,0,0,0,0,0,0,0,0,0,0,0
user,user:force-change-password,1,0,0,0,0,0,0,0,0,0,0,0,0,0,0,0,0
user,user:change-role,1,0,0,0,0,0,0,0,0,0,0,0,0,0,0,0,0
user,user:delete,1,0,0,0,0,0,0,0,0,0,0,0,0,0,0,0,0
user,user:impersonate,1,0,0,0,0,0,0,0,0,0,0,0,0,0,0,0,0
user,user:export,1,0,0,0,0,0,0,0,0,0,0,0,0,0,0,0,0
